<?xml version="1.0" encoding="UTF-8"?>
<jcr:root xmlns:sling="http://sling.apache.org/jcr/sling/1.0" xmlns:granite="http://www.adobe.com/jcr/granite/1.0" xmlns:cq="http://www.day.com/jcr/cq/1.0" xmlns:jcr="http://www.jcp.org/jcr/1.0" xmlns:nt="http://www.jcp.org/jcr/nt/1.0"
    cq:showOnCreate="{Boolean}false"
    granite:class="cq-siteadmin-admin-properties-livecopy"
    jcr:primaryType="nt:unstructured"
    jcr:title="Live Copy"
    sling:resourceType="granite/ui/components/coral/foundation/fixedcolumns">
    <granite:rendercondition
        jcr:primaryType="nt:unstructured"
        sling:resourceType="wcm/msm/components/touch-ui/renderconditions/islivecopy"
        path="${empty param.item ? requestPathInfo.suffix : param.item}"/>
    <items jcr:primaryType="nt:unstructured">
        <column
            jcr:primaryType="nt:unstructured"
            sling:resourceType="granite/ui/components/coral/foundation/container">
            <items jcr:primaryType="nt:unstructured">
                <writelivecopyconfig
                    jcr:primaryType="nt:unstructured"
                    sling:resourceType="granite/ui/components/coral/foundation/form/hidden"
                    name="msm:writeLiveCopyConfig"
                    value="true">
                    <granite:rendercondition
                        jcr:primaryType="nt:unstructured"
                        sling:resourceType="wcm/msm/components/touch-ui/renderconditions/islivecopy"
                        ignoreIfCancelled="{Boolean}true"
                        path="${empty param.item ? requestPathInfo.suffix : param.item}"/>
                </writelivecopyconfig>
                <suspendedNote
                    jcr:primaryType="nt:unstructured"
                    sling:resourceType="granite/ui/components/coral/foundation/well">
                    <items jcr:primaryType="nt:unstructured">
                        <text
                            jcr:primaryType="nt:unstructured"
                            sling:resourceType="granite/ui/components/coral/foundation/text"
                            text="The Live Copy has been suspended. No action will be performed on a roll out."/>
                    </items>
                    <granite:rendercondition
                        jcr:primaryType="nt:unstructured"
                        sling:resourceType="wcm/msm/components/touch-ui/renderconditions/islivecopy"
                        ignoreIfNotCancelled="{Boolean}true"
                        path="${empty param.item ? requestPathInfo.suffix : param.item}"/>
                </suspendedNote>
                <source
                    jcr:primaryType="nt:unstructured"
                    jcr:title="Source"
                    sling:resourceType="granite/ui/components/coral/foundation/form/fieldset">
                    <items jcr:primaryType="nt:unstructured">
                        <source
                            jcr:primaryType="nt:unstructured"
                            sling:resourceType="wcm/msm/components/coral/touch-ui/propertiesdialog/livecopy/source"
                            path="${empty param.item ? requestPathInfo.suffix : param.item }"/>
                    </items>
                </source>
                <status
                    jcr:primaryType="nt:unstructured"
                    jcr:title="Status"
                    sling:resourceType="granite/ui/components/coral/foundation/form/fieldset">
                    <items jcr:primaryType="nt:unstructured">
                        <status
                            jcr:primaryType="nt:unstructured"
                            sling:resourceType="wcm/msm/components/touch-ui/propertiesdialog/livecopy/status"
                            path="${empty param.item ? requestPathInfo.suffix : param.item }"/>
                    </items>
                </status>
                <configuration
                    jcr:primaryType="nt:unstructured"
                    jcr:title="Configuration"
                    sling:resourceType="granite/ui/components/coral/foundation/form/fieldset">
                    <items jcr:primaryType="nt:unstructured">
                        <deepinheritance
                            granite:class="cq-siteadmin-admin-properties-livecopy-isdeep"
                            jcr:primaryType="nt:unstructured"
                            sling:resourceType="wcm/msm/components/touch-ui/propertiesdialog/livecopy/deepinheritance"
                            fieldDescription="If checked Live Copy configuration is effective on all children"
                            name="msm:isDeep"
                            path="${empty param.item ? requestPathInfo.suffix : param.item }"
                            text="Live Copy Inheritance"/>
                        <inhertrolloutconfigs
                            granite:class="cq-siteadmin-admin-properties-livecopy-inheritrolloutconfigs"
                            jcr:primaryType="nt:unstructured"
                            sling:resourceType="wcm/msm/components/touch-ui/propertiesdialog/livecopy/inheritrolloutconfigs"
                            name="msm:inheritRolloutConfigs"
                            path="${empty param.item ? requestPathInfo.suffix : param.item }"
                            renderReadOnly="{Boolean}true"
                            target="cq-siteadmin-admin-properties-livecopy-rolloutconfigs"
                            text="Inherit Rollout Configs from Parent"
                            value="true"/>
                        <rolloutconfigs
                            granite:class="cq-siteadmin-admin-properties-livecopy-rolloutconfigs"
                            jcr:primaryType="nt:unstructured"
                            sling:resourceType="wcm/msm/components/touch-ui/propertiesdialog/livecopy/rolloutconfigs"
                            emptyText="Choose Rollout Config"
                            name="msm:liveCopyRolloutConfigs"
                            path="${empty param.item ? requestPathInfo.suffix : param.item }"
                            required="true">
                            <datasource
                                jcr:primaryType="nt:unstructured"
                                sling:resourceType="wcm/msm/components/datasources/rolloutconfig"/>
                        </rolloutconfigs>
                    </items>
                    <granite:rendercondition
                        jcr:primaryType="nt:unstructured"
                        sling:resourceType="wcm/msm/components/touch-ui/renderconditions/islivecopy"
                        ignoreIfCancelled="{Boolean}true"
                        path="${empty param.item ? requestPathInfo.suffix : param.item}"/>
                </configuration>
            </items>
        </column>
    </items>
</jcr:root>
