<?xml version="1.0" encoding="UTF-8"?>
<jcr:root xmlns:sling="http://sling.apache.org/jcr/sling/1.0" xmlns:granite="http://www.adobe.com/jcr/granite/1.0" xmlns:cq="http://www.day.com/jcr/cq/1.0" xmlns:jcr="http://www.jcp.org/jcr/1.0" xmlns:nt="http://www.jcp.org/jcr/nt/1.0"
    cq:showOnCreate="{Boolean}false"
    jcr:primaryType="nt:unstructured"
    jcr:title="Personalization"
    sling:resourceType="granite/ui/components/coral/foundation/fixedcolumns"
    margin="{Boolean}false">
    <items jcr:primaryType="nt:unstructured">
        <column
            jcr:primaryType="nt:unstructured"
            sling:resourceType="granite/ui/components/coral/foundation/container">
            <items jcr:primaryType="nt:unstructured">
                <section1
                    jcr:primaryType="nt:unstructured"
                    jcr:title="ContextHub Configurations"
                    sling:resourceType="granite/ui/components/coral/foundation/form/fieldset">
                    <items jcr:primaryType="nt:unstructured">
                        <inheritedFrom
                            jcr:primaryType="nt:unstructured"
                            sling:resourceType="granite/contexthub/components/configuration/form/inheritedconfig"/>
                        <contextHubConfig
                            granite:class="js-ContextHub-path"
                            jcr:primaryType="nt:unstructured"
                            sling:resourceType="granite/contexthub/components/configuration/form/pathfield"
                            emptyText="Select ContextHub Configuration Path"
                            fieldLabel="ContextHub Path"
                            name="./cq:contextHubPath"
                            pickerSrc="/libs/cq/contexthub/content/chconfigpicker.html?_charset_=utf-8&amp;root=/"
                            renderReadOnly="{Boolean}true"
                            rootPath="/"
                            value="">
                            <granite:data
                                jcr:primaryType="nt:unstructured"
                                cq-msm-lockable="cq:contextHubPath"/>
                        </contextHubConfig>
                        <contextHubSegments
                            granite:class="js-ContextHub-segmentsPath"
                            jcr:primaryType="nt:unstructured"
                            sling:resourceType="granite/contexthub/components/configuration/form/pathfield"
                            emptyText="Select ContextHub Segments Path"
                            fieldLabel="Segments Path"
                            name="./cq:contextHubSegmentsPath"
                            renderReadOnly="{Boolean}true"
                            rootPath="/conf"
                            value="">
                            <granite:data
                                jcr:primaryType="nt:unstructured"
                                cq-msm-lockable="cq:contextHubSegmentsPath"/>
                        </contextHubSegments>
                    </items>
                </section1>
                <section2
                    jcr:primaryType="nt:unstructured"
                    jcr:title="Targeting Configuration"
                    sling:resourceType="granite/ui/components/coral/foundation/form/fieldset">
                    <items jcr:primaryType="nt:unstructured">
                        <ambits
                            jcr:primaryType="nt:unstructured"
                            sling:resourceType="cq/personalization/touch-ui/components/groupedservicesselector"
                            groupActionLabel="Add Brand"
                            groupLabel="Brand"
                            groupQuicktip="Select a brand to specify a scope for targeting. If not specified the default will be used."
                            name="./cq:target-ambits"
                            serviceLabel="Area Reference"
                            serviceQuicktip="An Area refers to a scope of targeting data whereas 'Master Area' is the default scope."/>
                    </items>
                </section2>
            </items>
        </column>
    </items>
</jcr:root>
