<?xml version="1.0" encoding="UTF-8"?>
<jcr:root xmlns:sling="http://sling.apache.org/jcr/sling/1.0" xmlns:granite="http://www.adobe.com/jcr/granite/1.0" xmlns:cq="http://www.day.com/jcr/cq/1.0"
          xmlns:jcr="http://www.jcp.org/jcr/1.0" xmlns:nt="http://www.jcp.org/jcr/nt/1.0"
    jcr:primaryType="nt:unstructured"
    jcr:title="Teaser"
    sling:resourceType="cq/gui/components/authoring/dialog"
    helpPath="https://www.adobe.com/go/aem_cmp_teaser_v1"
    extraClientlibs="[core.wcm.components.teaser.v1.design]">
    <content
        jcr:primaryType="nt:unstructured"
        sling:resourceType="granite/ui/components/coral/foundation/container"
        granite:class="cmp-teaser__design">
        <items jcr:primaryType="nt:unstructured">
            <tabs
                jcr:primaryType="nt:unstructured"
                sling:resourceType="granite/ui/components/coral/foundation/tabs"
                maximized="{Boolean}true">
                <items jcr:primaryType="nt:unstructured">
                    <main
                        jcr:primaryType="nt:unstructured"
                        jcr:title="Teaser"
                        sling:resourceType="granite/ui/components/coral/foundation/container"
                        margin="{Boolean}true">
                        <items jcr:primaryType="nt:unstructured">
                            <actions
                                jcr:primaryType="nt:unstructured"
                                sling:resourceType="granite/ui/components/coral/foundation/container"
                                granite:class="coral-Form-fieldwrapper">
                                <items jcr:primaryType="nt:unstructured">
                                    <label
                                        jcr:primaryType="nt:unstructured"
                                        sling:resourceType="granite/ui/components/coral/foundation/text"
                                        text="Call-To-Actions"
                                        granite:class="coral-Form-fieldlabel"/>
                                    <actionsDisabled
                                        jcr:primaryType="nt:unstructured"
                                        sling:resourceType="granite/ui/components/coral/foundation/form/checkbox"
                                        text="Disable Call-To-Actions"
                                        name="./actionsDisabled"
                                        value="{Boolean}true"/>
                                </items>
                            </actions>
                            <elements
                                jcr:primaryType="nt:unstructured"
                                sling:resourceType="granite/ui/components/coral/foundation/container"
                                granite:class="coral-Form-fieldwrapper">
                                <items jcr:primaryType="nt:unstructured">
                                    <label
                                        jcr:primaryType="nt:unstructured"
                                        sling:resourceType="granite/ui/components/coral/foundation/text"
                                        text="Elements"
                                        granite:class="coral-Form-fieldlabel"/>
                                    <pretitle
                                        jcr:primaryType="nt:unstructured"
                                        sling:resourceType="granite/ui/components/coral/foundation/form/checkbox"
                                        text="Hide pretitle"
                                        name="./pretitleHidden"
                                        value="{Boolean}true"/>
                                    <title
                                        jcr:primaryType="nt:unstructured"
                                        sling:resourceType="granite/ui/components/coral/foundation/form/checkbox"
                                        text="Hide title"
                                        name="./titleHidden"
                                        value="{Boolean}true"/>
                                    <titleType
                                        jcr:primaryType="nt:unstructured"
                                        sling:resourceType="granite/ui/components/coral/foundation/form/checkbox"
                                        text="Show title type"
                                        name="./showTitleType"
                                        uncheckedValue="false"
                                        value="{Boolean}true"/>
                                    <description
                                        jcr:primaryType="nt:unstructured"
                                        sling:resourceType="granite/ui/components/coral/foundation/form/checkbox"
                                        text="Hide description"
                                        name="./descriptionHidden"
                                        value="{Boolean}true"/>
                                </items>
                            </elements>
                            <type
                                jcr:primaryType="nt:unstructured"
                                sling:resourceType="granite/ui/components/coral/foundation/form/select"
                                fieldLabel="Default Title Type"
                                name="./titleType"
                                granite:class="foundation-toggleable">
                                <items jcr:primaryType="nt:unstructured">
                                    <def
                                        jcr:primaryType="nt:unstructured"
                                        text="(default)"
                                        value=""/>
                                    <h1
                                        jcr:primaryType="nt:unstructured"
                                        text="H1"
                                        value="h1"/>
                                    <h2
                                        jcr:primaryType="nt:unstructured"
                                        text="H2"
                                        value="h2"/>
                                    <h3
                                        jcr:primaryType="nt:unstructured"
                                        text="H3"
                                        value="h3"/>
                                    <h4
                                        jcr:primaryType="nt:unstructured"
                                        text="H4"
                                        value="h4"/>
                                    <h5
                                        jcr:primaryType="nt:unstructured"
                                        text="H5"
                                        value="h5"/>
                                    <h6
                                        jcr:primaryType="nt:unstructured"
                                        text="H6"
                                        value="h6"/>
                                </items>
                            </type>
                            <links
                                jcr:primaryType="nt:unstructured"
                                sling:resourceType="granite/ui/components/coral/foundation/container"
                                granite:class="coral-Form-fieldwrapper">
                                <items jcr:primaryType="nt:unstructured">
                                    <label
                                        jcr:primaryType="nt:unstructured"
                                        sling:resourceType="granite/ui/components/coral/foundation/text"
                                        text="Links"
                                        granite:class="coral-Form-fieldlabel"/>
                                    <image
                                        jcr:primaryType="nt:unstructured"
                                        sling:resourceType="granite/ui/components/coral/foundation/form/checkbox"
                                        text="Don't link the image"
                                        name="./imageLinkHidden"
                                        value="{Boolean}true"/>
                                    <title
                                        jcr:primaryType="nt:unstructured"
                                        sling:resourceType="granite/ui/components/coral/foundation/form/checkbox"
                                        text="Don't link the title"
                                        name="./titleLinkHidden"
                                        value="{Boolean}true"/>
                                </items>
                            </links>
                            <imageDelegate
                                jcr:primaryType="nt:unstructured"
                                sling:resourceType="granite/ui/components/coral/foundation/container"
                                granite:class="coral-Form-fieldwrapper">
                                <granite:rendercondition
                                    jcr:primaryType="nt:unstructured"
                                    sling:resourceType="core/wcm/components/renderconditions/imagedelegate"/>
                                <items jcr:primaryType="nt:unstructured">
                                    <label
                                        jcr:primaryType="nt:unstructured"
                                        sling:resourceType="granite/ui/components/coral/foundation/text"
                                        text="Image Delegate"
                                        granite:class="coral-Form-fieldlabel"/>
                                    <text
                                        jcr:primaryType="nt:unstructured"
                                        sling:resourceType="granite/ui/components/coral/foundation/text"
                                        text="Image rendering is delegated to the ${imageDelegate.title} component.">
                                    </text>
                                </items>
                            </imageDelegate>
                        </items>
                    </main>
                    <styletab
                        jcr:primaryType="nt:unstructured"
                        sling:resourceType="granite/ui/components/coral/foundation/include"
                        path="/mnt/overlay/cq/gui/components/authoring/dialog/style/tab_design/styletab"/>
                </items>
            </tabs>
        </items>
    </content>
</jcr:root>
