<?xml version="1.0" encoding="UTF-8"?>
<jcr:root xmlns:sling="http://sling.apache.org/jcr/sling/1.0" xmlns:granite="http://www.adobe.com/jcr/granite/1.0" xmlns:cq="http://www.day.com/jcr/cq/1.0" xmlns:jcr="http://www.jcp.org/jcr/1.0" xmlns:nt="http://www.jcp.org/jcr/nt/1.0"
    jcr:primaryType="nt:unstructured"
    jcr:title="Download"
    sling:resourceType="cq/gui/components/authoring/dialog"
    extraClientlibs="[core.wcm.components.download.v1.editor]">
    <content
        granite:class="cmp-download__editor"
        jcr:primaryType="nt:unstructured"
        sling:resourceType="granite/ui/components/coral/foundation/container">
        <items jcr:primaryType="nt:unstructured">
            <tabs
                jcr:primaryType="nt:unstructured"
                sling:resourceType="granite/ui/components/coral/foundation/tabs"
                maximized="{Boolean}true">
                <items jcr:primaryType="nt:unstructured">
                    <asset
                        jcr:primaryType="nt:unstructured"
                        jcr:title="Asset"
                        sling:resourceType="granite/ui/components/coral/foundation/container"
                        margin="{Boolean}true">
                        <items jcr:primaryType="nt:unstructured">
                            <columns
                                jcr:primaryType="nt:unstructured"
                                sling:resourceType="granite/ui/components/coral/foundation/fixedcolumns"
                                margin="{Boolean}true">
                                <items jcr:primaryType="nt:unstructured">
                                    <column
                                        jcr:primaryType="nt:unstructured"
                                        sling:resourceType="granite/ui/components/coral/foundation/container">
                                        <items jcr:primaryType="nt:unstructured">
                                            <file
                                                jcr:primaryType="nt:unstructured"
                                                sling:resourceType="cq/gui/components/authoring/dialog/fileupload"
                                                allowUpload="${not empty cqDesign.allowUpload ? cqDesign.allowUpload : false}"
                                                autoStart="{Boolean}false"
                                                class="cq-droptarget"
                                                fieldLabel="Download Asset"
                                                fileNameParameter="./fileName"
                                                fileReferenceParameter="./fileReference"
                                                mimeTypes="[image/*,video/*,audio/*,.pdf,.doc,.zip,.txt]"
                                                multiple="{Boolean}false"
                                                name="./file"
                                                title="Upload Asset"
                                                uploadUrl="${suffix.path}"
                                                useHTML5="{Boolean}true"/>
                                        </items>
                                    </column>
                                </items>
                            </columns>
                        </items>
                    </asset>
                    <properties
                        jcr:primaryType="nt:unstructured"
                        jcr:title="Properties"
                        sling:resourceType="granite/ui/components/coral/foundation/container"
                        margin="{Boolean}true">
                        <items jcr:primaryType="nt:unstructured">
                            <columns
                                jcr:primaryType="nt:unstructured"
                                sling:resourceType="granite/ui/components/coral/foundation/fixedcolumns"
                                margin="{Boolean}true">
                                <items jcr:primaryType="nt:unstructured">
                                    <column
                                        jcr:primaryType="nt:unstructured"
                                        sling:resourceType="granite/ui/components/coral/foundation/container">
                                        <items jcr:primaryType="nt:unstructured">
                                            <titleGroup
                                                granite:hide="${cqDesign.titleHidden}"
                                                jcr:primaryType="nt:unstructured"
                                                sling:resourceType="granite/ui/components/coral/foundation/well">
                                                <items jcr:primaryType="nt:unstructured">
                                                    <title
                                                        jcr:primaryType="nt:unstructured"
                                                        sling:resourceType="granite/ui/components/coral/foundation/form/textfield"
                                                        fieldDescription="A title to display as the headline for the download."
                                                        fieldLabel="Title"
                                                        name="./jcr:title"
                                                        value="${cqDesign._jcr_description}"/>
                                                    <titleFromLinkedAsset
                                                        jcr:primaryType="nt:unstructured"
                                                        sling:resourceType="granite/ui/components/coral/foundation/form/checkbox"
                                                        checked="{Boolean}true"
                                                        fieldDescription="When checked, populate the title with the download asset's title."
                                                        name="./titleFromAsset"
                                                        text="Get title from DAM asset"
                                                        uncheckedValue="{Boolean}false"
                                                        value="{Boolean}true"/>
                                                </items>
                                            </titleGroup>
                                            <descriptionGroup
                                                granite:hide="${cqDesign.descriptionHidden}"
                                                jcr:primaryType="nt:unstructured"
                                                sling:resourceType="granite/ui/components/coral/foundation/well">
                                                <items jcr:primaryType="nt:unstructured">
                                                    <description
                                                        jcr:primaryType="nt:unstructured"
                                                        sling:resourceType="cq/gui/components/authoring/dialog/richtext"
                                                        fieldDescription="A description to display as the subheadline for the download."
                                                        fieldLabel="Description"
                                                        name="./jcr:description"
                                                        useFixedInlineToolbar="{Boolean}true">
                                                        <rtePlugins jcr:primaryType="nt:unstructured">
                                                            <format
                                                                jcr:primaryType="nt:unstructured"
                                                                features="bold,italic"/>
                                                            <justify
                                                                jcr:primaryType="nt:unstructured"
                                                                features="-"/>
                                                            <links
                                                                jcr:primaryType="nt:unstructured"
                                                                features="modifylink,unlink"/>
                                                            <lists
                                                                jcr:primaryType="nt:unstructured"
                                                                features="*"/>
                                                            <misctools jcr:primaryType="nt:unstructured">
                                                                <specialCharsConfig jcr:primaryType="nt:unstructured">
                                                                    <chars jcr:primaryType="nt:unstructured">
                                                                        <default_copyright
                                                                            jcr:primaryType="nt:unstructured"
                                                                            entity="&amp;copy;"
                                                                            name="copyright"/>
                                                                        <default_euro
                                                                            jcr:primaryType="nt:unstructured"
                                                                            entity="&amp;euro;"
                                                                            name="euro"/>
                                                                        <default_registered
                                                                            jcr:primaryType="nt:unstructured"
                                                                            entity="&amp;reg;"
                                                                            name="registered"/>
                                                                        <default_trademark
                                                                            jcr:primaryType="nt:unstructured"
                                                                            entity="&amp;trade;"
                                                                            name="trademark"/>
                                                                    </chars>
                                                                </specialCharsConfig>
                                                            </misctools>
                                                            <paraformat
                                                                jcr:primaryType="nt:unstructured"
                                                                features="*">
                                                                <formats jcr:primaryType="nt:unstructured">
                                                                    <default_p
                                                                        jcr:primaryType="nt:unstructured"
                                                                        description="Paragraph"
                                                                        tag="p"/>
                                                                    <default_h1
                                                                        jcr:primaryType="nt:unstructured"
                                                                        description="Heading 1"
                                                                        tag="h1"/>
                                                                    <default_h2
                                                                        jcr:primaryType="nt:unstructured"
                                                                        description="Heading 2"
                                                                        tag="h2"/>
                                                                    <default_h3
                                                                        jcr:primaryType="nt:unstructured"
                                                                        description="Heading 3"
                                                                        tag="h3"/>
                                                                    <default_h4
                                                                        jcr:primaryType="nt:unstructured"
                                                                        description="Heading 4"
                                                                        tag="h4"/>
                                                                    <default_h5
                                                                        jcr:primaryType="nt:unstructured"
                                                                        description="Heading 5"
                                                                        tag="h5"/>
                                                                    <default_h6
                                                                        jcr:primaryType="nt:unstructured"
                                                                        description="Heading 6"
                                                                        tag="h6"/>
                                                                    <default_blockquote
                                                                        jcr:primaryType="nt:unstructured"
                                                                        description="Quote"
                                                                        tag="blockquote"/>
                                                                    <default_pre
                                                                        jcr:primaryType="nt:unstructured"
                                                                        description="Preformatted"
                                                                        tag="pre"/>
                                                                </formats>
                                                            </paraformat>
                                                            <table
                                                                jcr:primaryType="nt:unstructured"
                                                                features="-">
                                                                <hiddenHeaderConfig
                                                                    jcr:primaryType="nt:unstructured"
                                                                    hiddenHeaderClassName="cq-wcm-foundation-aria-visuallyhidden"
                                                                    hiddenHeaderEditingCSS="cq-RichText-hiddenHeader--editing"/>
                                                            </table>
                                                            <tracklinks
                                                                jcr:primaryType="nt:unstructured"
                                                                features="*"/>
                                                        </rtePlugins>
                                                        <uiSettings jcr:primaryType="nt:unstructured">
                                                            <cui jcr:primaryType="nt:unstructured">
                                                                <inline
                                                                    jcr:primaryType="nt:unstructured"
                                                                    toolbar="[format#bold,format#italic,format#underline,#justify,#lists,links#modifylink,links#unlink,#paraformat]">
                                                                    <popovers jcr:primaryType="nt:unstructured">
                                                                        <justify
                                                                            jcr:primaryType="nt:unstructured"
                                                                            items="[justify#justifyleft,justify#justifycenter,justify#justifyright]"
                                                                            ref="justify"/>
                                                                        <lists
                                                                            jcr:primaryType="nt:unstructured"
                                                                            items="[lists#unordered,lists#ordered,lists#outdent,lists#indent]"
                                                                            ref="lists"/>
                                                                        <paraformat
                                                                            jcr:primaryType="nt:unstructured"
                                                                            items="paraformat:getFormats:paraformat-pulldown"
                                                                            ref="paraformat"/>
                                                                    </popovers>
                                                                </inline>
                                                                <dialogFullScreen
                                                                    jcr:primaryType="nt:unstructured"
                                                                    toolbar="[format#bold,format#italic,format#underline,justify#justifyleft,justify#justifycenter,justify#justifyright,lists#unordered,lists#ordered,lists#outdent,lists#indent,links#modifylink,links#unlink,table#createoredit,#paraformat,image#imageProps]">
                                                                    <popovers jcr:primaryType="nt:unstructured">
                                                                        <paraformat
                                                                            jcr:primaryType="nt:unstructured"
                                                                            items="paraformat:getFormats:paraformat-pulldown"
                                                                            ref="paraformat"/>
                                                                    </popovers>
                                                                </dialogFullScreen>
                                                                <tableEditOptions
                                                                    jcr:primaryType="nt:unstructured"
                                                                    toolbar="[table#insertcolumn-before,table#insertcolumn-after,table#removecolumn,-,table#insertrow-before,table#insertrow-after,table#removerow,-,table#mergecells-right,table#mergecells-down,table#mergecells,table#splitcell-horizontal,table#splitcell-vertical,-,table#selectrow,table#selectcolumn,-,table#ensureparagraph,-,table#modifytableandcell,table#removetable,-,undo#undo,undo#redo,-,table#exitTableEditing,-]"/>
                                                            </cui>
                                                        </uiSettings>
                                                    </description>
                                                    <descriptionFromLinkedAsset
                                                        jcr:primaryType="nt:unstructured"
                                                        sling:resourceType="granite/ui/components/coral/foundation/form/checkbox"
                                                        checked="{Boolean}true"
                                                        fieldDescription="When checked, populate the description with the download asset's description."
                                                        name="./descriptionFromAsset"
                                                        text="Get description from DAM asset"
                                                        uncheckedValue="{Boolean}false"
                                                        value="{Boolean}true"/>
                                                </items>
                                            </descriptionGroup>
                                            <actionText
                                                jcr:primaryType="nt:unstructured"
                                                sling:resourceType="granite/ui/components/coral/foundation/form/textfield"
                                                fieldDescription="The text for the download action."
                                                fieldLabel="Action Text"
                                                name="./actionText"/>
                                            <inline
                                                jcr:primaryType="nt:unstructured"
                                                sling:resourceType="granite/ui/components/coral/foundation/form/checkbox"
                                                checked="{Boolean}false"
                                                fieldDescription="When checked, the download asset will be displayed inline in the browser."
                                                name="./inline"
                                                text="Display inline"
                                                uncheckedValue="{Boolean}false"
                                                value="{Boolean}true"/>
                                            <id
                                                jcr:primaryType="nt:unstructured"
                                                sling:resourceType="granite/ui/components/coral/foundation/form/textfield"
                                                fieldDescription="HTML ID attribute to apply to the component."
                                                fieldLabel="ID"
                                                name="./id"/>
                                        </items>
                                    </column>
                                </items>
                            </columns>
                        </items>
                    </properties>
                </items>
            </tabs>
        </items>
    </content>
</jcr:root>
