<?xml version="1.0" encoding="UTF-8"?>
<!--~~~~~~~~~~~~~~~~~~~~~~~~~~~~~~~~~~~~~~~~~~~~~~~~~~~~~~~~~~~~~~~~~~~~~~~~~~~~
  ~ Copyright 2019 Adobe
  ~
  ~ Licensed under the Apache License, Version 2.0 (the "License");
  ~ you may not use this file except in compliance with the License.
  ~ You may obtain a copy of the License at
  ~
  ~     http://www.apache.org/licenses/LICENSE-2.0
  ~
  ~ Unless required by applicable law or agreed to in writing, software
  ~ distributed under the License is distributed on an "AS IS" BASIS,
  ~ WITHOUT WARRANTIES OR CONDITIONS OF ANY KIND, either express or implied.
  ~ See the License for the specific language governing permissions and
  ~ limitations under the License.
  ~~~~~~~~~~~~~~~~~~~~~~~~~~~~~~~~~~~~~~~~~~~~~~~~~~~~~~~~~~~~~~~~~~~~~~~~~~~-->
<jcr:root xmlns:sling="http://sling.apache.org/jcr/sling/1.0" xmlns:jcr="http://www.jcp.org/jcr/1.0"
          xmlns:nt="http://www.jcp.org/jcr/nt/1.0" xmlns:cq="http://www.day.com/jcr/cq/1.0"
          xmlns:granite="http://www.adobe.com/jcr/granite/1.0"
    jcr:primaryType="nt:unstructured"
    jcr:title="Accordion"
    sling:resourceType="cq/gui/components/authoring/dialog"
    extraClientlibs="[core.wcm.components.commons.editor.dialog.childreneditor.v1,core.wcm.components.accordion.v1.editor]"
    helpPath="https://www.adobe.com/go/aem_cmp_accordion_v1"
    trackingFeature="core-components:accordion:v1">
    <content
        granite:class="cmp-accordion__editor"
        jcr:primaryType="nt:unstructured"
        sling:resourceType="granite/ui/components/coral/foundation/container">
        <items jcr:primaryType="nt:unstructured">
            <tabs
                jcr:primaryType="nt:unstructured"
                sling:resourceType="granite/ui/components/coral/foundation/tabs"
                maximized="{Boolean}true">
                <items jcr:primaryType="nt:unstructured">
                    <accordionItems
                        jcr:primaryType="nt:unstructured"
                        jcr:title="Items"
                        sling:resourceType="granite/ui/components/coral/foundation/container"
                        margin="{Boolean}true">
                        <items jcr:primaryType="nt:unstructured">
                            <columns
                                jcr:primaryType="nt:unstructured"
                                sling:resourceType="granite/ui/components/coral/foundation/fixedcolumns"
                                margin="{Boolean}true">
                                <items jcr:primaryType="nt:unstructured">
                                    <column
                                        jcr:primaryType="nt:unstructured"
                                        sling:resourceType="granite/ui/components/coral/foundation/container">
                                        <items jcr:primaryType="nt:unstructured">
                                            <accordionItems
                                                jcr:primaryType="nt:unstructured"
                                                sling:resourceType="core/wcm/components/commons/editor/dialog/childreneditor/v1/childreneditor"/>
                                        </items>
                                    </column>
                                </items>
                            </columns>
                        </items>
                    </accordionItems>
                    <properties
                        jcr:primaryType="nt:unstructured"
                        jcr:title="Properties"
                        sling:resourceType="granite/ui/components/coral/foundation/container"
                        maximized="{Boolean}true">
                        <items jcr:primaryType="nt:unstructured">
                            <columns
                                jcr:primaryType="nt:unstructured"
                                sling:resourceType="granite/ui/components/coral/foundation/fixedcolumns"
                                margin="{Boolean}true">
                                <items jcr:primaryType="nt:unstructured">
                                    <column
                                        jcr:primaryType="nt:unstructured"
                                        sling:resourceType="granite/ui/components/coral/foundation/container">
                                        <items jcr:primaryType="nt:unstructured">
                                            <singleExpansion
                                                jcr:primaryType="nt:unstructured"
                                                sling:resourceType="granite/ui/components/coral/foundation/form/checkbox"
                                                checked="{Boolean}false"
                                                fieldDescription="Forces a single accordion item to be expanded at a time. Expanding one item will collapse all others."
                                                name="./singleExpansion"
                                                text="Single item expansion"
                                                uncheckedValue="{Boolean}false"
                                                value="{Boolean}true">
                                                <granite:data
                                                    jcr:primaryType="nt:unstructured"
                                                    cmp-accordion-v1-dialog-edit-hook="singleExpansion"/>
                                            </singleExpansion>
                                            <expandedItems
                                                granite:hidden="{Boolean}true"
                                                jcr:primaryType="nt:unstructured"
                                                sling:resourceType="granite/ui/components/coral/foundation/form/multifield"
                                                composite="{Boolean}false">
                                                <field
                                                    jcr:primaryType="nt:unstructured"
                                                    sling:resourceType="granite/ui/components/coral/foundation/container"
                                                    name="./expandedItems">
                                                    <items jcr:primaryType="nt:unstructured">
                                                        <expandedItems
                                                            jcr:primaryType="nt:unstructured"
                                                            sling:resourceType="granite/ui/components/coral/foundation/form/hidden"
                                                            disabled="{Boolean}true"
                                                            name="./expandedItems">
                                                            <granite:data
                                                                jcr:primaryType="nt:unstructured"
                                                                cmp-accordion-v1-dialog-edit-hook="expandedItems"/>
                                                        </expandedItems>
                                                    </items>
                                                </field>
                                            </expandedItems>
                                            <expandedItemsTypeHint
                                                jcr:primaryType="nt:unstructured"
                                                sling:resourceType="granite/ui/components/coral/foundation/form/hidden"
                                                name="./expandedItems@TypeHint"
                                                value="String[]">
                                            </expandedItemsTypeHint>
                                            <expandedSelect
                                                jcr:primaryType="nt:unstructured"
                                                sling:resourceType="granite/ui/components/coral/foundation/form/select"
                                                fieldDescription="The items that are expanded by default."
                                                fieldLabel="Expanded Items"
                                                multiple="{Boolean}true"
                                                name="./expandedItems"
                                                wrapperClass="foundation-toggleable">
                                                <granite:data
                                                    jcr:primaryType="nt:unstructured"
                                                    cmp-accordion-v1-dialog-edit-hook="expandedSelect"/>
                                            </expandedSelect>
                                            <expandedSelectSingle
                                                jcr:primaryType="nt:unstructured"
                                                sling:resourceType="granite/ui/components/coral/foundation/form/select"
                                                fieldDescription="The item that is expanded by default."
                                                fieldLabel="Expanded Item"
                                                name="./expandedItems"
                                                wrapperClass="foundation-toggleable">
                                                <granite:data
                                                    jcr:primaryType="nt:unstructured"
                                                    cmp-accordion-v1-dialog-edit-hook="expandedSelectSingle"/>
                                            </expandedSelectSingle>
                                            <headingElement
                                                jcr:primaryType="nt:unstructured"
                                                sling:resourceType="granite/ui/components/coral/foundation/form/select"
                                                fieldDescription="The accordion item heading HTML element."
                                                fieldLabel="Heading Element"
                                                name="./headingElement"
                                                ordered="{Boolean}true"
                                                wrapperClass="foundation-toggleable">
                                                <datasource
                                                    jcr:primaryType="nt:unstructured"
                                                    sling:resourceType="core/wcm/components/commons/datasources/allowedheadingelements/v1"/>
                                                <granite:data
                                                    jcr:primaryType="nt:unstructured"
                                                    cmp-accordion-v1-dialog-edit-hook="headingElement"/>
                                            </headingElement>
                                            <id
                                                jcr:primaryType="nt:unstructured"
                                                sling:resourceType="granite/ui/components/coral/foundation/form/textfield"
                                                fieldDescription="HTML ID attribute to apply to the component."
                                                fieldLabel="ID"
                                                name="./id"/>
                                        </items>
                                    </column>
                                </items>
                            </columns>
                        </items>
                    </properties>
                </items>
            </tabs>
        </items>
    </content>
</jcr:root>
