<?xml version="1.0" encoding="UTF-8"?>
<jcr:root xmlns:sling="http://sling.apache.org/jcr/sling/1.0" xmlns:cq="http://www.day.com/jcr/cq/1.0" xmlns:jcr="http://www.jcp.org/jcr/1.0" xmlns:nt="http://www.jcp.org/jcr/nt/1.0"
    jcr:primaryType="cq:Page">
    <jcr:content
        cq:lastModified="{Date}2022-02-26T23:09:11.337+05:30"
        cq:lastModifiedBy="admin"
        cq:template="/conf/mysite/settings/wcm/templates/page-content"
        jcr:primaryType="cq:PageContent"
        jcr:title="Language Masters"
        sling:resourceType="mysite/components/page">
        <root
            jcr:primaryType="nt:unstructured"
            sling:resourceType="mysite/components/container"
            layout="responsiveGrid">
            <container
                jcr:primaryType="nt:unstructured"
                sling:resourceType="mysite/components/container"
                layout="responsiveGrid">
                <title
                    jcr:primaryType="nt:unstructured"
                    sling:resourceType="mysite/components/title"/>
                <container
                    jcr:primaryType="nt:unstructured"
                    sling:resourceType="mysite/components/container"
                    layout="responsiveGrid"/>
            </container>
        </root>
    </jcr:content>
    <en/>
    <ja/>
    <hi/>
    <fr/>
    <es/>
    <de/>
</jcr:root>
